{
  "model/model_name": "distilbert-base-uncased",
  "model/task_type": "classification",
  "model/total_parameters": 67694596,
  "model/trainable_parameters": 739586,
  "model/trainable_percentage": 1.0925332946813067,
  "model/lora_rank": 8,
  "model/lora_alpha": 16,
  "model/target_modules": [
    "q_lin",
    "v_lin"
  ],
  "epoch_1/train_loss": 0.28384569799497733,
  "epoch_1/validation/accuracy": 0.91596,
  "epoch_1/validation/f1": 0.9159254219420557,
  "epoch_1/validation/precision": 0.9166454290617272,
  "epoch_1/validation/recall": 0.91596,
  "memory/system_memory_percent": 2.8,
  "memory/system_memory_used_gb": 13.391799926757812,
  "memory/gpu_memory_allocated_gb": 0.27462196350097656,
  "memory/gpu_memory_reserved_gb": 2.81640625,
  "memory/gpu_memory_max_allocated_gb": 2.2612662315368652,
  "epoch_2/train_loss": 0.21259248333548744,
  "epoch_2/validation/accuracy": 0.91932,
  "epoch_2/validation/f1": 0.9192568781278562,
  "epoch_2/validation/precision": 0.9206353462451888,
  "epoch_2/validation/recall": 0.91932,
  "epoch_3/train_loss": 0.18662170572975031,
  "epoch_3/validation/accuracy": 0.92516,
  "epoch_3/validation/f1": 0.9251534986532614,
  "epoch_3/validation/precision": 0.9253077730156112,
  "epoch_3/validation/recall": 0.92516,
  "training_time_seconds": 2112.84525346756,
  "test/accuracy": 0.92516,
  "test/f1": 0.9251534986532614,
  "test/precision": 0.9253077730156112,
  "test/recall": 0.92516,
  "inference/avg_inference_time_per_sample": 0.00781901553273201,
  "inference/throughput_samples_per_second": 127.89333846617825,
  "inference/total_samples_measured": 320,
  "final_model/total_parameters": 67694596,
  "final_model/trainable_parameters": 0,
  "final_model/trainable_percentage": 0.0,
  "final_model/model_size_mb": 258.23829650878906
}