{
  "model/model_name": "bert-base-uncased",
  "model/task_type": "classification",
  "model/total_parameters": 109780228,
  "model/trainable_parameters": 296450,
  "model/trainable_percentage": 0.2700395193203643,
  "model/lora_rank": 8,
  "model/lora_alpha": 16,
  "model/target_modules": [
    "query",
    "value"
  ],
  "epoch_1/train_loss": 0.2786089147370182,
  "epoch_1/validation/accuracy": 0.92484,
  "epoch_1/validation/f1": 0.9248399729423903,
  "epoch_1/validation/precision": 0.9248406117704809,
  "epoch_1/validation/recall": 0.92484,
  "memory/system_memory_percent": 3.8,
  "memory/system_memory_used_gb": 17.894256591796875,
  "memory/gpu_memory_allocated_gb": 0.42810535430908203,
  "memory/gpu_memory_reserved_gb": 4.8125,
  "memory/gpu_memory_max_allocated_gb": 4.311041355133057,
  "epoch_2/train_loss": 0.1965391073406925,
  "epoch_2/validation/accuracy": 0.93096,
  "epoch_2/validation/f1": 0.9309596535831578,
  "epoch_2/validation/precision": 0.9309686497131872,
  "epoch_2/validation/recall": 0.93096,
  "epoch_3/train_loss": 0.1669039256083919,
  "epoch_3/validation/accuracy": 0.93368,
  "epoch_3/validation/f1": 0.9336777995885637,
  "epoch_3/validation/precision": 0.9337375614852799,
  "epoch_3/validation/recall": 0.93368,
  "training_time_seconds": 4246.801847934723,
  "test/accuracy": 0.93368,
  "test/f1": 0.9336777995885637,
  "test/precision": 0.9337375614852799,
  "test/recall": 0.93368,
  "inference/avg_inference_time_per_sample": 0.01562577486038208,
  "inference/throughput_samples_per_second": 63.99682632926071,
  "inference/total_samples_measured": 320,
  "final_model/total_parameters": 109780228,
  "final_model/trainable_parameters": 0,
  "final_model/trainable_percentage": 0.0,
  "final_model/model_size_mb": 418.78614807128906
}